x_desired,y_desired,z_desired,x_actual,y_actual,z_actual
0,0,2,0.0790598,-0.308376,0.222523
0,0,2,0.0831138,-0.322407,0.230608
0,0,2,0.0855463,-0.332091,0.23828
0,0,2,0.0877392,-0.344194,0.258743
0,0,2,0.0880079,-0.352337,0.287718
0,0,2,0.0858897,-0.357686,0.334254
0,0,2,0.0825189,-0.360162,0.374783
0,0,2,0.0761605,-0.359275,0.442107
0,0,2,0.06981,-0.354033,0.583808
0,0,2,0.0631775,-0.345306,0.658278
0,0,2,0.055659,-0.332191,0.745525
0,0,2,0.0497636,-0.319401,0.819865
0,0,2,0.0446815,-0.305746,0.895369
0,0,2,0.0405545,-0.291873,0.9719
0,0,2,0.0369277,-0.282569,1.06108
0,0,2,0.0347722,-0.27697,1.1375
0,0,2,0.0333492,-0.271743,1.21218
0,0,2,0.0324728,-0.266995,1.2846
0,0,2,0.0320104,-0.262748,1.3548
0,0,2,0.0318228,-0.258296,1.43375
0,0,2,0.0317933,-0.254607,1.49789
0,0,2,0.03177,-0.250207,1.56753
0,0,2,0.0317363,-0.246286,1.61412
0,0,2,0.0315155,-0.240424,1.6748
0,0,2,0.0311321,-0.235218,1.7226
0,0,2,0.0304371,-0.228984,1.77414
0,0,2,0.0297727,-0.224532,1.8079
0,0,2,0.0286191,-0.218376,1.85106
0,0,2,0.0274689,-0.213232,1.88424
0,0,2,0.026233,-0.208269,1.91406
0,0,2,0.0267255,-0.203276,1.9446
0,0,2,0.0275337,-0.199381,1.96734
0,0,2,0.0280879,-0.195723,1.98669
0,0,2,0.0284045,-0.191717,2.00533
0,0,2,0.0284076,-0.188503,2.01811
0,0,2,0.0281367,-0.185487,2.02816
0,0,2,0.0275372,-0.182631,2.03544
0,0,2,0.0266118,-0.179927,2.04049
0,0,2,0.0255858,-0.17663,2.04386
0,0,2,0.0241293,-0.172604,2.04536
0,0,2,0.0225834,-0.169324,2.04488
0,0,2,0.020895,-0.166163,2.04273
0,0,2,0.0191159,-0.163139,2.03894
0,0,2,0.0169658,-0.159749,2.03264
0,0,2,0.0151373,-0.156955,2.02616
0,0,2,0.0133473,-0.154266,2.01857
0,0,2,0.0119015,-0.150876,2.0104
0,0,2,0.0104418,-0.14672,1.99982
0,0,2,0.00925477,-0.143366,1.98989
0,0,2,0.00796297,-0.139704,1.97742
0,0,2,0.0070878,-0.137236,1.96821
0,0,2,0.00595915,-0.134014,1.95504
0,0,2,0.00503524,-0.131471,1.94346
0,0,2,0.00414285,-0.129112,1.93182
0,0,2,0.00346552,-0.12622,1.92058
0,0,2,0.00276422,-0.122717,1.90775
0,0,2,0.00212114,-0.119934,1.8972
0,0,2,0.00142422,-0.117301,1.88736
0,0,2,0.000546567,-0.114414,1.87698
0,0,2,-0.000253828,-0.112078,1.86922
0,0,2,-0.0010988,-0.109862,1.86237
0,0,2,-0.00211787,-0.107386,1.85567
0,0,2,-0.00206985,-0.104455,1.85145
0,0,2,-0.00183601,-0.100253,1.84657
0,0,2,-0.00176189,-0.0969435,1.84361
0,0,2,-0.00183967,-0.0933658,1.84164
0,0,2,-0.00200938,-0.0910183,1.84082
0,0,2,-0.00239269,-0.0880335,1.84079
0,0,2,-0.00286057,-0.0857429,1.84153
0,0,2,-0.0036326,-0.0834111,1.84333
0,0,2,-0.00448385,-0.0810526,1.84526
0,0,2,-0.00584562,-0.0778273,1.84836
0,0,2,-0.00707803,-0.0753786,1.85116
0,0,2,-0.00834063,-0.0731671,1.85421
0,0,2,-0.00959195,-0.0711557,1.85736
0,0,2,-0.0109697,-0.069029,1.86121
0,0,2,-0.0120386,-0.067395,1.86466
0,0,2,-0.0129849,-0.0658956,1.86834
0,0,2,-0.012936,-0.0624995,1.87315
0,0,2,-0.0125271,-0.059278,1.87759
0,0,2,-0.0120944,-0.0563333,1.8823
0,0,2,-0.0115751,-0.0532418,1.88817
0,0,2,-0.0111864,-0.0508715,1.89321
0,0,2,-0.0108921,-0.0487628,1.898
0,0,2,-0.010755,-0.0469398,1.90251
0,0,2,-0.0108266,-0.045387,1.90668
0,0,2,-0.0111276,-0.043553,1.91056
0,0,2,-0.0117282,-0.0414524,1.91496
0,0,2,-0.0124273,-0.0399334,1.91844
0,0,2,-0.0132301,-0.0386021,1.92194
0,0,2,-0.0142409,-0.0372439,1.92594
0,0,2,-0.0151039,-0.0361979,1.9294
0,0,2,-0.0159707,-0.0352554,1.93282
0,0,2,-0.0169562,-0.0342029,1.93659
0,0,2,-0.0174061,-0.0324515,1.93918
0,0,2,-0.0179079,-0.0298459,1.9423
0,0,2,-0.0182277,-0.0277281,1.94486
0,0,2,-0.0185014,-0.0254367,1.94754
0,0,2,-0.018638,-0.0239105,1.94933
0,0,2,-0.0187722,-0.0219809,1.9516
0,0,2,-0.0187722,-0.0219809,1.9516
-0.0299956,0.0580564,2.00264,-0.0188521,-0.0205571,1.95345
-0.0599912,0.116113,2.00529,-0.0189372,-0.0191347,1.95541
-0.0899867,0.174169,2.00793,-0.0197984,-0.0165485,1.95716
-0.119982,0.232225,2.01058,-0.0223305,-0.0116597,1.95958
-0.149978,0.290282,2.01322,-0.0262565,-0.00613994,1.9612
-0.179973,0.348338,2.01587,-0.0340125,0.00295113,1.96228
-0.209969,0.406395,2.01851,-0.0422475,0.0117136,1.96232
-0.239965,0.464451,2.02116,-0.0581308,0.027653,1.96125
-0.26996,0.522507,2.0238,-0.07596,0.0449041,1.95935
-0.299956,0.580564,2.02645,-0.0975943,0.0656046,1.95659
-0.329951,0.63862,2.02909,-0.116978,0.085192,1.95326
-0.359947,0.696676,2.03174,-0.141189,0.110427,1.94893
-0.389943,0.754733,2.03438,-0.165747,0.13629,1.94535
-0.419938,0.812789,2.03703,-0.193183,0.165882,1.94207
-0.449934,0.870845,2.03967,-0.222988,0.199022,1.93926
-0.479929,0.928902,2.04232,-0.26026,0.242042,1.93654
-0.509925,0.986958,2.04496,-0.293862,0.282496,1.93464
-0.53992,1.04501,2.0476,-0.334404,0.333785,1.93306
-0.569916,1.10307,2.05025,-0.363217,0.369684,1.93254
-0.599912,1.16113,2.05289,-0.403806,0.422813,1.93235
-0.629907,1.21918,2.05554,-0.438682,0.472042,1.93282
-0.659903,1.27724,2.05818,-0.473288,0.524528,1.93401
-0.689898,1.3353,2.06083,-0.507392,0.580158,1.93555
-0.719894,1.39335,2.06347,-0.546558,0.648879,1.93754
-0.749889,1.45141,2.06612,-0.579484,0.710839,1.93934
-0.779885,1.50947,2.06876,-0.611737,0.77518,1.94129
-0.809881,1.56752,2.07141,-0.645425,0.840286,1.9435
-0.839876,1.62558,2.07405,-0.685153,0.917744,1.94654
-0.869872,1.68363,2.0767,-0.718549,0.985499,1.94936
-0.899867,1.74169,2.07934,-0.751327,1.05393,1.95231
-0.929863,1.79975,2.08199,-0.788838,1.13416,1.95595
-0.959859,1.8578,2.08463,-0.820318,1.20298,1.95926
-0.989854,1.91586,2.08727,-0.851034,1.27124,1.96279
-1.01985,1.97392,2.08992,-0.885902,1.34997,1.96748
-1.04985,2.03197,2.09256,-0.916241,1.422,1.9717
-1.07984,2.09003,2.09521,-0.945985,1.49334,1.97605
-1.10984,2.14809,2.09785,-0.975004,1.56292,1.9806
-1.13983,2.20614,2.1005,-1.00819,1.6421,1.98596
-1.16983,2.2642,2.10314,-1.0362,1.70824,1.99025
-1.19982,2.32225,2.10579,-1.06388,1.77258,1.9946
-1.22982,2.38031,2.10843,-1.09132,1.83526,1.9992
-1.25981,2.43837,2.11108,-1.12327,1.90664,2.00436
-1.28981,2.49642,2.11372,-1.15165,1.97262,2.00846
-1.31981,2.55448,2.11637,-1.1802,2.038,2.01241
-1.3498,2.61254,2.11901,-1.20882,2.10185,2.01614
-1.3798,2.67059,2.12166,-1.23755,2.16451,2.01962
-1.40979,2.72865,2.1243,-1.2712,2.23625,2.02332
-1.43979,2.78671,2.12695,-1.30017,2.29667,2.0264
-1.46978,2.84476,2.12959,-1.32922,2.3561,2.02949
-1.49978,2.90282,2.13223,-1.35833,2.41476,2.03261
-1.52977,2.96087,2.13488,-1.39156,2.48581,2.03617
-1.55977,3.01893,2.13752,-1.41987,2.54693,2.03899
-1.58977,3.07699,2.14017,-1.44821,2.60718,2.04182
-1.61976,3.13504,2.14281,-1.47662,2.66679,2.04475
-1.64976,3.1931,2.14546,-1.50988,2.73579,2.04815
-1.67975,3.25116,2.1481,-1.5385,2.79446,2.05076
-1.70975,3.30921,2.15075,-1.56723,2.85265,2.05328
-1.75189,3.35324,2.15433,-1.60096,2.92011,2.05621
-1.81338,3.37495,2.1594,-1.62496,2.96944,2.05826
-1.87486,3.39666,2.16447,-1.65888,3.03791,2.0616
-1.93635,3.41836,2.16955,-1.68876,3.09514,2.06527
-1.99783,3.44007,2.17462,-1.71998,3.15039,2.06905
-2.05932,3.46177,2.17969,-1.75312,3.20275,2.0727
-2.1208,3.48348,2.18477,-1.79503,3.25902,2.07658
-2.18229,3.50518,2.18984,-1.83433,3.30237,2.07922
-2.24377,3.52689,2.19491,-1.88454,3.34664,2.08132
-2.30526,3.54859,2.19999,-1.92707,3.38926,2.08232
-2.36674,3.5703,2.20506,-1.97268,3.42784,2.08291
-2.42823,3.59201,2.21013,-2.02205,3.46075,2.08363
-2.48971,3.61371,2.2152,-2.08409,3.49285,2.08461
-2.5512,3.63542,2.22028,-2.1408,3.51577,2.08566
-2.61268,3.65712,2.22535,-2.20039,3.53498,2.08727
-2.67417,3.67883,2.23042,-2.26255,3.55117,2.0895
-2.73565,3.70053,2.2355,-2.32684,3.5652,2.09269
-2.79714,3.72224,2.24057,-2.39128,3.58245,2.09649
-2.85862,3.74394,2.24564,-2.4673,3.60368,2.10168
-2.92011,3.76565,2.25072,-2.53347,3.62116,2.10651
-2.98159,3.78736,2.25579,-2.60004,3.63849,2.11191
-3.04308,3.80906,2.26086,-2.6777,3.65897,2.11898
-3.10456,3.83077,2.26593,-2.74397,3.67687,2.12532
-3.16605,3.85247,2.27101,-2.80948,3.69504,2.13186
-3.22753,3.87418,2.27608,-2.88485,3.71658,2.1398
-3.28902,3.89588,2.28115,-2.94117,3.7279,2.14552
-3.3505,3.91759,2.28623,-3.00828,3.741,2.15259
-3.41199,3.93929,2.2913,-3.08493,3.75753,2.16125
-3.47347,3.961,2.29637,-3.13887,3.77027,2.16781
-3.53496,3.98271,2.30145,-3.21315,3.78941,2.17729
-3.59644,4.00441,2.30652,-3.27603,3.80722,2.18577
-3.65793,4.02612,2.31159,-3.34864,3.82984,2.19624
-3.71941,4.04782,2.31666,-3.41014,3.85068,2.20531
-3.7809,4.06953,2.32174,-3.48503,3.87113,2.21557
-3.84238,4.09123,2.32681,-3.54939,3.88855,2.2241
-3.90387,4.11294,2.33188,-3.61256,3.90738,2.23234
-3.96535,4.13464,2.33696,-3.66426,3.92398,2.23895
-4.02684,4.15635,2.34203,-3.73544,3.94842,2.24765
-4.08832,4.17806,2.3471,-3.7955,3.97044,2.25495
-4.14981,4.19976,2.35217,-3.86471,3.99733,2.2638
-4.21129,4.22147,2.35725,-3.93338,4.02534,2.27251
-4.27278,4.24317,2.36232,-3.98631,4.04392,2.27853
-4.33426,4.26488,2.36739,-4.03956,4.06246,2.28417
-4.39575,4.28658,2.37247,-4.12353,4.09287,2.29278
-4.45723,4.30829,2.37754,-4.17548,4.11229,2.29831
-4.51872,4.32999,2.38261,-4.25755,4.14361,2.30773
-4.5802,4.3517,2.38769,-4.29823,4.15941,2.31308
-4.64169,4.37341,2.39276,-4.37896,4.19132,2.32468
-4.70317,4.39511,2.39783,-4.43879,4.21543,2.33452
-4.76466,4.41682,2.4029,-4.49988,4.23808,2.34553
-4.82614,4.43852,2.40798,-4.5709,4.26369,2.35872
-4.88763,4.46023,2.41305,-4.63102,4.28582,2.36923
-4.94911,4.48193,2.41812,-4.68047,4.30422,2.37711
-5.0106,4.50364,2.4232,-4.75843,4.33358,2.38834
-5.07208,4.52534,2.42827,-4.79714,4.34829,2.39331
-5.13357,4.54705,2.43334,-4.87398,4.37772,2.4025
-5.19505,4.56876,2.43842,-4.92181,4.39616,2.40825
-5.25654,4.59046,2.44349,-4.99077,4.41947,2.41726
-5.31802,4.61217,2.44856,-5.0508,4.43811,2.42556
-5.37951,4.63387,2.45363,-5.12098,4.46063,2.43526
-5.44099,4.65558,2.45871,-5.17101,4.47709,2.44164
-5.50248,4.67728,2.46378,-5.24098,4.50068,2.44933
-5.56396,4.69899,2.46885,-5.30097,4.52148,2.45507
-5.62545,4.72069,2.47393,-5.37089,4.54649,2.46121
-5.68693,4.7424,2.479,-5.42072,4.5648,2.46522
-5.74842,4.76411,2.48407,-5.49104,4.58875,2.47008
-5.8099,4.78581,2.48914,-5.54153,4.60523,2.4734
-5.87139,4.80752,2.49422,-5.62224,4.63257,2.47849
-5.93287,4.82922,2.49929,-5.67269,4.65021,2.48183
-5.99436,4.85093,2.50436,-5.7434,4.67553,2.48658
-6.05584,4.87263,2.50944,-5.80402,4.69776,2.49117
-6.11733,4.89434,2.51451,-5.87491,4.72436,2.49678
-6.17881,4.91604,2.51958,-5.92542,4.74363,2.50055
-6.2403,4.93775,2.52466,-5.99601,4.76786,2.50494
-6.30178,4.95946,2.52973,-6.0564,4.7873,2.50826
-6.36327,4.98116,2.5348,-6.1266,4.81063,2.51217
-6.42475,5.00287,2.53987,-6.17649,4.82762,2.51501
-6.48624,5.02457,2.54495,-6.24605,4.85189,2.51859
-6.54772,5.04628,2.55002,-6.30552,4.87317,2.52156
-6.60921,5.06798,2.55509,-6.37475,4.89856,2.52518
-6.67069,5.08969,2.56017,-6.42407,4.91702,2.52772
-6.73218,5.11139,2.56524,-6.50338,4.94434,2.53148
-6.79366,5.1331,2.57031,-6.55315,4.96098,2.53398
-6.85515,5.1548,2.57539,-6.62266,4.98494,2.53808
-6.91663,5.17651,2.58046,-6.67224,5.00248,2.54174
-6.97812,5.19822,2.58553,-6.74182,5.02761,2.54735
-7.0396,5.21992,2.5906,-6.80153,5.0496,2.55268
-7.10109,5.24163,2.59568,-6.87148,5.07578,2.55887
-7.16257,5.26333,2.60075,-6.92154,5.09477,2.56321
-7.22406,5.28504,2.60582,-6.99257,5.11847,2.56879
-7.28554,5.30674,2.6109,-7.05396,5.1374,2.57314
-7.34703,5.32845,2.61597,-7.1153,5.15695,2.57746
-7.40851,5.35015,2.62104,-7.17639,5.17694,2.58163
-7.47,5.37186,2.62612,-7.24753,5.20093,2.58596
-7.53148,5.39357,2.63119,-7.29819,5.21849,2.5885
-7.59297,5.41527,2.63626,-7.37879,5.24727,2.5919
-7.65445,5.43698,2.64133,-7.42899,5.26574,2.59414
-7.71594,5.45868,2.64641,-7.50028,5.28963,2.59787
-7.77742,5.48039,2.65148,-7.56169,5.30924,2.60193
-7.83891,5.50209,2.65655,-7.62276,5.32957,2.6067
-7.90039,5.5238,2.66163,-7.68325,5.35037,2.61172
-7.96188,5.5455,2.6667,-7.74337,5.37168,2.61651
-8.02336,5.56721,2.67177,-7.81311,5.3971,2.62139
-8.08485,5.58892,2.67684,-7.87254,5.41933,2.62485
-8.14633,5.61062,2.68192,-7.93164,5.44192,2.62793
-8.20782,5.63233,2.68699,-8.01007,5.46986,2.63184
-8.22468,5.66015,2.6879,-8.04916,5.48336,2.63359
-8.17135,5.69759,2.68228,-8.11703,5.50727,2.63705
-8.11803,5.73504,2.67665,-8.17411,5.52817,2.6402
-8.0647,5.77248,2.67102,-8.22965,5.5498,2.64272
-8.01138,5.80993,2.66539,-8.29152,5.57622,2.64343
-7.95805,5.84737,2.65977,-8.34904,5.60473,2.6416
-7.90473,5.88482,2.65414,-8.38687,5.62674,2.63875
-7.8514,5.92226,2.64851,-8.43039,5.65288,2.63348
-7.79808,5.95971,2.64288,-8.47736,5.68424,2.62495
-7.74476,5.99715,2.63725,-8.51214,5.71421,2.61556
-7.69143,6.03459,2.63163,-8.54201,5.74664,2.60481
-7.63811,6.07204,2.626,-8.56718,5.78136,2.59291
-7.58478,6.10948,2.62037,-8.58782,5.81813,2.58013
-7.53146,6.14693,2.61474,-8.60636,5.8631,2.56421
-7.47813,6.18437,2.60911,-8.61766,5.90305,2.55017
-7.42481,6.22182,2.60349,-8.62932,5.9411,2.53597
-7.37148,6.25926,2.59786,-8.64056,5.97727,2.52203
-7.31816,6.29671,2.59223,-8.64739,6.02032,2.50593
-7.26483,6.33415,2.5866,-8.64812,6.05757,2.49227
-7.21151,6.37159,2.58098,-8.64318,6.10114,2.47687
-7.15818,6.40904,2.57535,-8.63413,6.13861,2.46445
-7.10486,6.44648,2.56972,-8.62073,6.17617,2.45253
-7.05154,6.48393,2.56409,-8.6031,6.21374,2.44102
-6.99821,6.52137,2.55846,-8.5849,6.25067,2.42998
-6.94489,6.55882,2.55284,-8.56202,6.29314,2.41786
-6.89156,6.59626,2.54721,-8.53754,6.32986,2.40792
-6.83824,6.63371,2.54158,-8.50877,6.36687,2.39874
-6.78491,6.67115,2.53595,-8.47589,6.40416,2.39033
-6.73159,6.70859,2.53032,-8.43262,6.44815,2.38159
-6.67826,6.74604,2.5247,-8.39144,6.48615,2.3745
-6.62494,6.78348,2.51907,-8.34657,6.5243,2.36769
-6.57161,6.82093,2.51344,-8.30017,6.56246,2.3614
-6.51829,6.85837,2.50781,-8.24358,6.60701,2.35449
-6.46496,6.89582,2.50219,-8.19112,6.6452,2.34904
-6.41164,6.93326,2.49656,-8.13513,6.68328,2.34379
-6.35832,6.9707,2.49093,-8.06553,6.72754,2.33797
-6.30499,7.00815,2.4853,-8.00235,6.76538,2.33304
-6.25167,7.04559,2.47967,-7.93601,6.80294,2.3281
-6.19834,7.08304,2.47405,-7.86661,6.84025,2.32323
-6.14502,7.12048,2.46842,-7.79495,6.87788,2.31826
-6.09169,7.15793,2.46279,-7.70849,6.922,2.31271
-6.03837,7.19537,2.45716,-7.6313,6.95956,2.3083
-5.98504,7.23282,2.45153,-7.55159,6.99697,2.30414
-5.93172,7.27026,2.44591,-7.46972,7.03427,2.30045
-5.87839,7.3077,2.44028,-7.3861,7.07147,2.29706
-5.82507,7.34515,2.43465,-7.28724,7.11466,2.29355
-5.77175,7.38259,2.42902,-7.20193,7.15151,2.29087
-5.71842,7.42004,2.4234,-7.11371,7.18853,2.2885
-5.6651,7.45748,2.41777,-7.02352,7.22567,2.28649
-5.61177,7.49493,2.41214,-6.92009,7.26883,2.28466
-5.55845,7.53237,2.40651,-6.83345,7.30561,2.28292
-5.50512,7.56982,2.40088,-6.7353,7.34824,2.28079
-5.4518,7.60726,2.39526,-6.65389,7.3846,2.27891
-5.39847,7.6447,2.38963,-6.57536,7.42071,2.27728
-5.34515,7.68215,2.384,-6.49985,7.45652,2.27582
-5.29182,7.71959,2.37837,-6.41973,7.49185,2.27391
-5.2385,7.75704,2.37274,-6.32234,7.53257,2.27111
-5.18517,7.79448,2.36712,-6.24239,7.56744,2.26848
-5.13185,7.83193,2.36149,-6.16524,7.60239,2.26622
-5.07853,7.86937,2.35586,-6.07823,7.64338,2.26409
-5.0252,7.90682,2.35023,-6.0179,7.67287,2.26239
-4.97188,7.94426,2.3446,-5.93619,7.71433,2.25945
-4.91855,7.9817,2.33898,-5.86854,7.75017,2.25733
-4.86523,8.01915,2.33335,-5.79817,7.78579,2.25595
-4.8119,8.05659,2.32772,-5.7257,7.82111,2.25472
-4.75858,8.09404,2.32209,-5.64375,7.86275,2.25296
-4.70525,8.13148,2.31647,-5.57542,7.89872,2.25075
-4.65193,8.16893,2.31084,-5.50864,7.93486,2.24789
-4.5986,8.20637,2.30521,-5.43255,7.97722,2.24421
-4.54528,8.24382,2.29958,-5.36863,8.01369,2.2405
-4.49195,8.28126,2.29395,-5.3061,8.05012,2.23652
-4.43863,8.3187,2.28833,-5.24165,8.08659,2.23245
-4.38531,8.35615,2.2827,-5.17551,8.12316,2.22822
-4.33198,8.39359,2.27707,-5.10006,8.16576,2.22269
-4.27866,8.43104,2.27144,-5.03646,8.20229,2.2175
-4.22533,8.46848,2.26581,-4.97367,8.23881,2.21212
-4.17201,8.50593,2.26019,-4.90124,8.28146,2.20579
-4.11749,8.53797,2.25475,-4.83975,8.31809,2.20005
-4.05329,8.5261,2.25083,-4.77906,8.35455,2.19413
-3.9891,8.51424,2.24692,-4.71603,8.38998,2.18802
-3.9249,8.50237,2.24301,-4.64004,8.4295,2.18135
-3.8607,8.49051,2.2391,-4.57553,8.46173,2.17537
-3.79651,8.47865,2.23518,-4.51125,8.49166,2.16976
-3.73231,8.46678,2.23127,-4.43579,8.52243,2.16308
-3.66811,8.45492,2.22736,-4.37028,8.54443,2.15674
-3.60392,8.44305,2.22345,-4.30411,8.56193,2.14992
-3.53972,8.43119,2.21953,-4.23721,8.57478,2.14271
-3.47552,8.41933,2.21562,-4.15687,8.59046,2.13395
-3.41133,8.40746,2.21171,-4.09839,8.60065,2.12751
-3.34713,8.3956,2.2078,-4.01618,8.60863,2.11856
-3.28293,8.38373,2.20388,-3.94522,8.60984,2.11162
-3.21874,8.37187,2.19997,-3.8739,8.60606,2.10554
-3.15454,8.36,2.19606,-3.80257,8.59759,2.1003
-3.09035,8.34814,2.19215,-3.71925,8.58241,2.09481
-3.02615,8.33628,2.18823,-3.64798,8.56543,2.09001
-2.96195,8.32441,2.18432,-3.57381,8.5497,2.08553
-2.89776,8.31255,2.18041,-3.4974,8.53519,2.08135
-2.83356,8.30068,2.17649,-3.40965,8.51526,2.07687
-2.76936,8.28882,2.17258,-3.3358,8.49642,2.07294
-2.70517,8.27696,2.16867,-3.26333,8.47663,2.06931
-2.64097,8.26509,2.16476,-3.18058,8.45292,2.06555
-2.57677,8.25323,2.16084,-3.11113,8.4323,2.06225
-2.51258,8.24136,2.15693,-3.04325,8.41174,2.05896
-2.44838,8.2295,2.15302,-2.96076,8.38594,2.05571
-2.38418,8.21764,2.14911,-2.90054,8.36688,2.05316
-2.31999,8.20577,2.14519,-2.81843,8.34137,2.05033
-2.25579,8.19391,2.14128,-2.74956,8.3206,2.04826
-2.19159,8.18204,2.13737,-2.67065,8.29781,2.04678
-2.1274,8.17018,2.13346,-2.60416,8.27959,2.04581
-2.0632,8.15832,2.12954,-2.53862,8.26264,2.04511
-1.999,8.14645,2.12563,-2.47406,8.24692,2.04446
-1.93481,8.13459,2.12172,-2.39562,8.22516,2.04293
-1.87061,8.12272,2.11781,-2.32703,8.20503,2.04089
-1.80641,8.11086,2.11389,-2.25961,8.18634,2.0386
-1.74222,8.099,2.10998,-2.19305,8.16897,2.03635
-1.67802,8.08713,2.10607,-2.12713,8.15276,2.03371
-1.61382,8.07527,2.10215,-2.051,8.13525,2.03019
-1.54963,8.0634,2.09824,-1.98633,8.12145,2.0267
-1.48543,8.05154,2.09433,-1.9222,8.10872,2.02307
-1.42123,8.03968,2.09042,-1.85573,8.0938,2.01943
-1.35704,8.02781,2.0865,-1.77744,8.07601,2.01523
-1.29284,8.01595,2.08259,-1.7111,8.06178,2.01134
-1.22864,8.00408,2.07868,-1.64548,8.04836,2.00741
-1.16445,7.99222,2.07477,-1.56964,8.03356,2.00278
-1.10025,7.98035,2.07085,-1.50518,8.02148,1.99855
-1.03605,7.96849,2.06694,-1.44141,8.00995,1.99418
-0.971857,7.95663,2.06303,-1.37822,7.99889,1.99007
-0.90766,7.94476,2.05912,-1.30221,7.98483,1.98517
-0.843463,7.9329,2.0552,-1.23682,7.97266,1.98085
-0.779267,7.92103,2.05129,-1.17202,7.96078,1.97649
-0.71507,7.90917,2.04738,-1.10764,7.94908,1.97253
-0.650874,7.89731,2.04347,-1.03283,7.93548,1.9677
-0.586677,7.88544,2.03955,-0.979607,7.92578,1.96406
-0.52248,7.87358,2.03564,-0.905448,7.91227,1.95931
-0.458284,7.86171,2.03173,-0.84198,7.90061,1.9555
-0.394087,7.84985,2.02781,-0.767235,7.88571,1.952
-0.32989,7.83799,2.0239,-0.713641,7.87451,1.94995
-0.265694,7.82612,2.01999,-0.638833,7.85898,1.94731
-0.201497,7.81426,2.01608,-0.574848,7.84581,1.94534
-0.137301,7.80239,2.01216,-0.511048,7.8328,1.94394
-0.073104,7.79053,2.00825,-0.447541,7.82002,1.94271
-0.0089074,7.77867,2.00434,-0.373507,7.80536,1.94074
0.0552892,7.7668,2.00043,-0.310136,7.79305,1.93827
0.119486,7.75494,1.99651,-0.246446,7.78003,1.93556
0.183682,7.74307,1.9926,-0.17181,7.76418,1.93208
0.247879,7.73121,1.98869,-0.107954,7.75095,1.92889
0.312076,7.71935,1.98478,-0.0444622,7.73811,1.92563
0.376272,7.70748,1.98086,0.0186908,7.72561,1.92249
0.440469,7.69562,1.97695,0.0921216,7.71135,1.91835
0.504666,7.68375,1.97304,0.154817,7.69943,1.91428
0.568862,7.67189,1.96913,0.21729,7.68776,1.90984
0.633059,7.66003,1.96521,0.280493,7.67563,1.90561
0.697255,7.64816,1.9613,0.344371,7.6631,1.90116
0.761452,7.6363,1.95739,0.418739,7.64875,1.89574
0.825649,7.62443,1.95348,0.482446,7.63662,1.89061
0.889845,7.61257,1.94956,0.546114,7.62459,1.8855
0.954042,7.6007,1.94565,0.609732,7.61266,1.88021
1.01824,7.58884,1.94174,0.683959,7.59889,1.87416
1.08244,7.57698,1.93782,0.747447,7.58724,1.86872
1.14663,7.56511,1.93391,0.820283,7.57322,1.86258
1.21083,7.55325,1.93,0.882026,7.56099,1.8575
1.27502,7.54138,1.92609,0.943558,7.54895,1.85273
1.33922,7.52952,1.92217,1.00478,7.5371,1.84816
1.40342,7.51766,1.91826,1.07599,7.52342,1.84245
1.46761,7.50579,1.91435,1.13693,7.51183,1.83744
1.53181,7.49393,1.91044,1.19787,7.50036,1.8326
1.59601,7.48206,1.90652,1.25904,7.489,1.8277
1.6602,7.4702,1.90261,1.33116,7.475,1.82194
1.7244,7.45834,1.8987,1.38309,7.46468,1.8178
1.7886,7.44647,1.89479,1.45606,7.45043,1.81191
1.85279,7.43461,1.89087,1.5191,7.43832,1.80739
1.91699,7.42274,1.88696,1.58248,7.4263,1.80361
1.98119,7.41088,1.88305,1.65666,7.41246,1.80013
2.04538,7.39902,1.87914,1.72055,7.40072,1.79714
2.10958,7.38715,1.87522,1.78439,7.38913,1.79422
2.17378,7.37529,1.87131,1.84819,7.37701,1.79149
2.23797,7.36342,1.8674,1.91189,7.36477,1.78888
2.30217,7.35156,1.86348,1.98591,7.35077,1.78541
2.36637,7.3397,1.85957,2.04916,7.33895,1.78215
2.43056,7.32783,1.85566,2.12271,7.32536,1.77817
2.49476,7.31597,1.85175,2.18561,7.31384,1.77486
2.55896,7.3041,1.84783,2.24823,7.30248,1.77157
2.62315,7.29224,1.84392,2.31048,7.29127,1.76849
2.68735,7.28038,1.84001,2.38231,7.27728,1.76469
2.75155,7.26851,1.8361,2.43319,7.26694,1.76164
2.81574,7.25665,1.83218,2.50418,7.2528,1.75737
2.87994,7.24478,1.82827,2.56518,7.2409,1.75385
2.94414,7.23292,1.82436,2.63665,7.22724,1.75012
3.00833,7.22105,1.82045,2.69815,7.21574,1.74727
3.07253,7.20919,1.81653,2.75987,7.20442,1.74473
3.13673,7.19733,1.81262,2.82175,7.19331,1.74205
3.20092,7.18546,1.80871,2.89258,7.17944,1.7388
3.26512,7.1736,1.8048,2.95257,7.16716,1.73556
3.32932,7.16173,1.80088,3.01277,7.15519,1.73193
3.39351,7.14987,1.79697,3.07325,7.14347,1.72817
3.45771,7.13801,1.79306,3.13412,7.13193,1.72445
3.52191,7.12614,1.78914,3.20561,7.11872,1.71977
3.5861,7.11428,1.78523,3.26743,7.10756,1.7155
3.6503,7.10241,1.78132,3.3297,7.09655,1.71117
3.7145,7.09055,1.77741,3.39145,7.08433,1.70711
3.77869,7.07869,1.77349,3.45284,7.07109,1.70283
3.84289,7.06682,1.76958,3.5251,7.05606,1.69734
3.90709,7.05496,1.76567,3.58758,7.04352,1.6923
3.97128,7.04309,1.76176,3.65037,7.03127,1.68731
4.03548,7.03123,1.75784,3.724,7.01737,1.68182
4.09968,7.01937,1.75393,3.78739,7.00579,1.67724
4.16387,7.0075,1.75002,3.85072,6.99459,1.67283
4.22807,6.99564,1.74611,3.92443,6.9814,1.66806
4.29227,6.98377,1.74219,3.977,6.97199,1.66442
4.35646,6.97191,1.73828,4.05018,6.9592,1.65974
4.42066,6.96005,1.73437,4.11273,6.94847,1.65583
4.48486,6.94818,1.73046,4.18555,6.93614,1.65209
4.54905,6.93632,1.72654,4.23745,6.92745,1.6496
4.61325,6.92445,1.72263,4.30997,6.91538,1.64607
4.67745,6.91259,1.71872,4.37207,6.90505,1.64356
4.74164,6.90073,1.71481,4.44213,6.89087,1.64118
4.80584,6.88886,1.71089,4.50155,6.87823,1.63946
4.87004,6.877,1.70698,4.56115,6.86584,1.63756
4.93423,6.86513,1.70307,4.62092,6.85365,1.63541
4.99843,6.85327,1.69915,4.68096,6.84169,1.63284
5.06263,6.8414,1.69524,4.75142,6.82805,1.62934
5.12682,6.82954,1.69133,4.81236,6.81666,1.62569
5.19102,6.81768,1.68742,4.87383,6.80554,1.62194
5.25522,6.80581,1.6835,4.94629,6.79196,1.61742
5.31941,6.79395,1.67959,4.99848,6.78201,1.61404
5.38361,6.78208,1.67568,5.0718,6.76849,1.60907
5.44781,6.77022,1.67177,5.13496,6.75718,1.60507
5.512,6.75836,1.66785,5.19829,6.74608,1.6014
5.5762,6.74649,1.66394,5.27214,6.73338,1.5976
5.64039,6.73463,1.66003,5.33551,6.72262,1.59424
5.70459,6.72276,1.65612,5.39864,6.712,1.59086
5.76879,6.7109,1.6522,5.46142,6.70016,1.58732
5.83298,6.69904,1.64829,5.5343,6.68516,1.58317
5.89718,6.68717,1.64438,5.58614,6.67469,1.57987
5.96138,6.67531,1.64047,5.6584,6.66032,1.57531
6.02557,6.66344,1.63655,5.72032,6.64822,1.57163
6.08977,6.65158,1.63264,5.78234,6.63638,1.56825
6.15397,6.63972,1.62873,5.85473,6.62294,1.56451
6.21816,6.62785,1.62481,5.91704,6.61168,1.56131
6.28236,6.61599,1.6209,5.97971,6.60097,1.55799
6.34656,6.60412,1.61699,6.05309,6.58909,1.55415
6.41075,6.59226,1.61308,6.09496,6.58239,1.55199
6.47495,6.5804,1.60916,6.17827,6.56916,1.54702
6.53915,6.56853,1.60525,6.25103,6.55751,1.54312
6.60334,6.55667,1.60134,6.30286,6.54908,1.54117
6.66754,6.5448,1.59743,6.37491,6.5371,1.53925
6.73174,6.53294,1.59351,6.43655,6.52658,1.53799
6.79593,6.52108,1.5896,6.49815,6.51577,1.53707
6.86013,6.50921,1.58569,6.56975,6.50288,1.53587
6.92433,6.49735,1.58178,6.61049,6.49543,1.5349
6.98852,6.48548,1.57786,6.69156,6.48033,1.53208
7.05272,6.47362,1.57395,6.74226,6.47071,1.53026
7.11692,6.46175,1.57004,6.82353,6.45511,1.52821
7.18111,6.44989,1.56613,6.87457,6.44525,1.52738
7.2248,6.42148,1.56422,6.94626,6.43132,1.52662
7.22277,6.35616,1.5668,6.99749,6.42151,1.52642
7.22073,6.29084,1.56938,7.07906,6.40573,1.52702
7.2187,6.22552,1.57195,7.12903,6.39506,1.52794
7.21666,6.1602,1.57453,7.19679,6.37836,1.52905
7.21463,6.09488,1.57711,7.24282,6.36457,1.52933
7.21259,6.02957,1.57968,7.31071,6.33814,1.5288
7.21056,5.96425,1.58226,7.34895,6.31844,1.52725
7.20852,5.89893,1.58484,7.39659,6.28637,1.52406
7.20649,5.83361,1.58741,7.42976,6.26274,1.52093
7.20446,5.76829,1.58999,7.47641,6.22978,1.51534
7.20242,5.70297,1.59257,7.50485,6.20245,1.51084
7.20039,5.63765,1.59514,7.54245,6.1526,1.50296
7.19835,5.57234,1.59772,7.56129,6.11773,1.49815
7.19632,5.50702,1.6003,7.58186,6.06429,1.49145
7.19428,5.4417,1.60287,7.59251,6.02293,1.48667
7.19225,5.37638,1.60545,7.60279,5.95145,1.47927
7.19021,5.31106,1.60803,7.60768,5.90579,1.47498
7.18818,5.24574,1.6106,7.61394,5.84218,1.46982
7.18614,5.18043,1.61318,7.61393,5.78355,1.46638
7.18411,5.11511,1.61576,7.60825,5.71078,1.46349
7.18207,5.04979,1.61833,7.60086,5.65631,1.46198
7.18004,4.98447,1.62091,7.58424,5.56531,1.46098
7.178,4.91915,1.62349,7.57409,5.51812,1.46124
7.17597,4.85383,1.62606,7.55118,5.42097,1.46331
7.17393,4.78852,1.62864,7.53625,5.35936,1.46595
7.1719,4.7232,1.63122,7.51295,5.26051,1.47304
7.16986,4.65788,1.63379,7.49838,5.19789,1.47887
7.16783,4.59256,1.63637,7.47872,5.10974,1.48882
7.1658,4.52724,1.63895,7.46551,5.04676,1.49684
7.16376,4.46192,1.64152,7.44844,4.95878,1.5086
7.16173,4.39661,1.6441,7.43734,4.89634,1.51707
7.15969,4.33129,1.64668,7.42143,4.79694,1.53065
7.15766,4.26597,1.64926,7.40924,4.73314,1.53888
7.15562,4.20065,1.65183,7.38743,4.64078,1.5504
7.15359,4.13533,1.65441,7.37077,4.56304,1.56023
7.15155,4.07001,1.65699,7.35349,4.47392,1.57141
7.14952,4.0047,1.65956,7.34263,4.4118,1.57935
7.14748,3.93938,1.66214,7.32771,4.31489,1.59053
7.14545,3.87406,1.66472,7.32152,4.26762,1.59613
7.14341,3.80874,1.66729,7.31139,4.1754,1.60633
7.14138,3.74342,1.66987,7.30402,4.11697,1.61302
7.13934,3.6781,1.67245,7.28887,4.02057,1.62363
7.13731,3.61279,1.67502,7.28102,3.96165,1.63018
7.13527,3.54747,1.6776,7.27287,3.89194,1.63766
7.13324,3.48215,1.68018,7.266,3.8234,1.64506
7.1312,3.41683,1.68275,7.25927,3.7442,1.65289
7.12917,3.35151,1.68533,7.25456,3.67733,1.65853
7.12714,3.28619,1.68791,7.25017,3.60041,1.66367
7.1251,3.22087,1.69048,7.24597,3.54476,1.66647
7.12307,3.15556,1.69306,7.23657,3.4541,1.66964
7.12103,3.09024,1.69564,7.23148,3.39827,1.67118
7.119,3.02492,1.69821,7.22604,3.33225,1.67298
7.11696,2.9596,1.70079,7.22124,3.26725,1.67532
7.11493,2.89428,1.70337,7.2156,3.1812,1.67864
7.11289,2.82896,1.70594,7.21246,3.12787,1.68008
7.11086,2.76365,1.70852,7.20857,3.05377,1.68167
7.10882,2.69833,1.7111,7.20438,2.99975,1.683
7.10679,2.63301,1.71367,7.19572,2.922,1.68511
7.10475,2.56769,1.71625,7.19017,2.86687,1.68681
7.10272,2.50237,1.71883,7.1831,2.78985,1.68902
7.10068,2.43705,1.7214,7.17763,2.72393,1.69099
7.09865,2.37174,1.72398,7.17268,2.65791,1.69258
7.09661,2.30642,1.72656,7.16834,2.59209,1.6938
7.09458,2.2411,1.72913,7.16398,2.51535,1.69465
7.09254,2.17578,1.73171,7.15932,2.4499,1.69482
7.09051,2.11046,1.73429,7.1525,2.38508,1.69488
7.08848,2.04514,1.73686,7.14563,2.31007,1.69468
7.08644,1.97983,1.73944,7.14054,2.24617,1.69463
7.08441,1.91451,1.74202,7.13609,2.18287,1.69433
7.08237,1.84919,1.7446,7.13161,2.10967,1.69392
7.08034,1.78387,1.74717,7.12842,2.04722,1.69347
7.0783,1.71855,1.74975,7.12574,1.98515,1.69318
7.07627,1.65323,1.75233,7.122,1.9222,1.69285
7.07423,1.58792,1.7549,7.11598,1.85731,1.6926
7.0722,1.5226,1.75748,7.10985,1.78196,1.69195
7.07016,1.45728,1.76006,7.10521,1.7175,1.69139
7.06813,1.39196,1.76263,7.10108,1.65317,1.69098
7.06609,1.32664,1.76521,7.09686,1.57817,1.6906
7.06406,1.26132,1.76779,7.09375,1.5139,1.69031
7.06202,1.19601,1.77036,7.09115,1.45001,1.69028
7.05999,1.13069,1.77294,7.0874,1.3858,1.69034
7.05795,1.06537,1.77552,7.08118,1.32061,1.69104
7.05592,1.00005,1.77809,7.0749,1.24523,1.69179
7.05388,0.934732,1.78067,7.07021,1.18101,1.69249
7.05185,0.869413,1.78325,7.06614,1.11711,1.69338
7.04982,0.804095,1.78582,7.06267,1.0535,1.69433
7.04778,0.738776,1.7884,7.05932,0.979471,1.69551
7.04575,0.673458,1.79098,7.05704,0.916249,1.69653
7.04371,0.60814,1.79355,7.05382,0.85313,1.69769
7.04168,0.542821,1.79613,7.04849,0.789917,1.69934
7.03964,0.477503,1.79871,7.04322,0.716251,1.70128
7.03761,0.412185,1.80128,7.03939,0.653227,1.70287
7.03557,0.346866,1.80386,7.03608,0.590354,1.7046
7.03354,0.281548,1.80644,7.03329,0.527569,1.70648
7.0315,0.216229,1.80901,7.03101,0.464729,1.70857
7.02947,0.150911,1.81159,7.02893,0.391414,1.71086
7.02743,0.0855927,1.81417,7.02645,0.328433,1.7129
7.0254,0.0202743,1.81674,7.02172,0.254796,1.71526
7.02336,-0.0450441,1.81932,7.01883,0.202122,1.71712
7.02133,-0.110362,1.8219,7.01532,0.128377,1.71983
7.01929,-0.175681,1.82447,7.01273,0.0651913,1.7226
7.01726,-0.240999,1.82705,7.01014,-0.00841427,1.72647
7.01522,-0.306318,1.82963,7.00858,-0.0608165,1.72941
7.01319,-0.371636,1.83221,7.00671,-0.134039,1.73373
7.01115,-0.436954,1.83478,7.00408,-0.197068,1.73764
7.00912,-0.502273,1.83736,6.99867,-0.271162,1.74255
7.00709,-0.567591,1.83994,6.99458,-0.334431,1.74696
7.00505,-0.632909,1.84251,6.99099,-0.39754,1.75096
7.00302,-0.698228,1.84509,6.9878,-0.46042,1.75491
7.00098,-0.763546,1.84767,6.985,-0.523204,1.75876
6.99895,-0.828865,1.85024,6.98263,-0.585782,1.76197
6.99691,-0.894183,1.85282,6.9804,-0.658665,1.76518
6.99488,-0.959501,1.8554,6.97746,-0.721278,1.76768
6.99284,-1.02482,1.85797,6.9715,-0.794439,1.7707
6.99081,-1.09014,1.86055,6.96781,-0.846813,1.77286
6.98877,-1.15546,1.86313,6.96337,-0.920197,1.77582
6.98674,-1.22077,1.8657,6.96017,-0.983101,1.77849
6.9847,-1.28609,1.86828,6.95711,-1.05643,1.78222
6.98267,-1.35141,1.87086,6.95538,-1.10865,1.78512
6.98063,-1.41673,1.87343,6.95353,-1.18172,1.78885
6.9786,-1.48205,1.87601,6.95194,-1.24424,1.79198
6.97656,-1.54737,1.87859,6.94987,-1.30658,1.79551
6.97453,-1.61269,1.88116,6.94821,-1.36879,1.79907
6.97249,-1.678,1.88374,6.94659,-1.44164,1.80328
6.97046,-1.74332,1.88632,6.94539,-1.50425,1.80647
6.96843,-1.80864,1.88889,6.94409,-1.57738,1.80986
6.96639,-1.87396,1.89147,6.94299,-1.64023,1.81225
6.96436,-1.93928,1.89405,6.94184,-1.70309,1.81456
6.96232,-2.0046,1.89662,6.94023,-1.76502,1.81697
6.96029,-2.06991,1.8992,6.93748,-1.83566,1.81967
6.95825,-2.13523,1.90178,6.93556,-1.88626,1.82136
6.95622,-2.20055,1.90435,6.93286,-1.95727,1.82374
6.95418,-2.26587,1.90693,6.93055,-2.0186,1.8256
6.95215,-2.33119,1.90951,6.92827,-2.08045,1.82751
6.95011,-2.39651,1.91208,6.92568,-2.15316,1.83008
6.94808,-2.46182,1.91466,6.92355,-2.21626,1.83199
6.94604,-2.52714,1.91724,6.92098,-2.27879,1.83393
6.94401,-2.59246,1.91981,6.91702,-2.3501,1.83614
6.94197,-2.65778,1.92239,6.9139,-2.41191,1.83827
6.93994,-2.7231,1.92497,6.91103,-2.47395,1.84012
6.9379,-2.78842,1.92755,6.90838,-2.5362,1.84216
6.93587,-2.85373,1.93012,6.90592,-2.59879,1.84407
6.93383,-2.91905,1.9327,6.90368,-2.66167,1.84603
6.9318,-2.98437,1.93528,6.90133,-2.73551,1.84796
6.92977,-3.04969,1.93785,6.899,-2.79893,1.84924
6.92773,-3.11501,1.94043,6.89549,-2.87259,1.85052
6.9257,-3.18033,1.94301,6.89323,-2.92559,1.85164
6.92366,-3.24564,1.94558,6.89037,-3.00004,1.8531
6.92163,-3.31096,1.94816,6.88815,-3.06404,1.85469
6.91959,-3.37628,1.95074,6.8861,-3.1281,1.85666
6.91756,-3.4416,1.95331,6.88392,-3.2027,1.85955
6.91552,-3.50692,1.95589,6.88222,-3.26681,1.86188
6.91349,-3.57224,1.95847,6.87989,-3.33011,1.86444
6.91145,-3.63755,1.96104,6.87632,-3.392,1.8672
6.90942,-3.70287,1.96362,6.87253,-3.46444,1.87082
6.90738,-3.76819,1.9662,6.86956,-3.52662,1.87363
6.90535,-3.83351,1.96877,6.86686,-3.58875,1.87647
6.90331,-3.89883,1.97135,6.86403,-3.66135,1.87976
6.90128,-3.96415,1.97393,6.86223,-3.71342,1.88172
6.89924,-4.02947,1.9765,6.86003,-3.78635,1.88486
6.89721,-4.09478,1.97908,6.85807,-3.84869,1.88769
6.89517,-4.1601,1.98166,6.85542,-3.92082,1.89165
6.89314,-4.22542,1.98423,6.85348,-3.98294,1.89518
6.89111,-4.29074,1.98681,6.85172,-4.04529,1.89873
6.88907,-4.35606,1.98939,6.8501,-4.1078,1.90209
6.88704,-4.42138,1.99196,6.84857,-4.17048,1.90533
6.885,-4.48669,1.99454,6.84687,-4.24373,1.90856
6.88297,-4.55201,1.99712,6.84546,-4.30676,1.91104
6.88093,-4.61733,1.99969,6.84359,-4.37012,1.91326
6.8789,-4.68265,2.00227,6.84086,-4.43401,1.9156
6.87686,-4.74797,2.00485,6.83827,-4.49806,1.91768
6.87483,-4.81329,2.00742,6.83542,-4.57279,1.92006
6.87279,-4.8786,2.01,6.83309,-4.63688,1.92181
6.87076,-4.94392,2.01258,6.8309,-4.70088,1.92355
6.86872,-5.00924,2.01516,6.8285,-4.77543,1.92551
6.86669,-5.07456,2.01773,6.82658,-4.83927,1.92733
6.86465,-5.13988,2.02031,6.82423,-4.90282,1.92926
6.86262,-5.2052,2.02289,6.82101,-4.96616,1.93144
6.86058,-5.27051,2.02546,6.8176,-5.03973,1.93395
6.85855,-5.33583,2.02804,6.81492,-5.1025,1.93615
6.85651,-5.40115,2.03062,6.81248,-5.16491,1.93817
6.85448,-5.46647,2.03319,6.80991,-5.23746,1.94071
6.85245,-5.53179,2.03577,6.80792,-5.29957,1.94254
6.85041,-5.59711,2.03835,6.80614,-5.36136,1.94458
6.84838,-5.66242,2.04092,6.80433,-5.42279,1.94659
6.84634,-5.72774,2.0435,6.8019,-5.494,1.94916
6.84431,-5.79306,2.04608,6.80031,-5.54487,1.95077
6.84227,-5.85838,2.04865,6.79825,-5.61613,1.95316
6.84024,-5.9237,2.05123,6.7966,-5.67764,1.95587
6.8382,-5.98902,2.05381,6.79478,-5.74985,1.95937
6.83617,-6.05433,2.05638,6.79354,-5.80166,1.9624
6.83413,-6.11965,2.05896,6.79185,-5.87457,1.96631
6.8321,-6.18497,2.06154,6.79013,-5.93611,1.96996
6.83006,-6.25029,2.06411,6.78792,-5.99555,1.97381
6.82803,-6.31561,2.06669,6.78544,-6.06547,1.97852
6.81108,-6.3694,2.04133,6.78336,-6.12619,1.98222
6.78819,-6.4186,2.00482,6.78131,-6.18738,1.98571
6.7653,-6.46779,1.96831,6.77869,-6.25904,1.98775
6.7424,-6.51699,1.9318,6.77631,-6.31018,1.98624
6.71951,-6.56618,1.89529,6.77185,-6.38102,1.97833
6.69662,-6.61538,1.85878,6.76653,-6.44023,1.9664
6.67372,-6.66457,1.82227,6.75934,-6.49707,1.94968
6.65083,-6.71377,1.78576,6.74973,-6.55226,1.92813
6.62794,-6.76297,1.74925,6.7352,-6.61463,1.89678
6.60504,-6.81216,1.71274,6.71988,-6.6663,1.86488
6.58215,-6.86136,1.67623,6.70203,-6.71622,1.82881
6.55926,-6.91055,1.63972,6.67836,-6.77262,1.7827
6.53636,-6.95975,1.60321,6.65988,-6.81196,1.74696
6.51347,-7.00894,1.5667,6.63769,-6.85911,1.70236
6.49058,-7.05814,1.53019,6.6204,-6.90978,1.65585
6.44981,-7.08516,1.51197,6.59828,-6.96775,1.59838
6.38481,-7.08213,1.51855,6.5781,-7.01661,1.54742
6.31981,-7.0791,1.52513,6.55286,-7.07229,1.48883
6.25481,-7.07607,1.5317,6.53329,-7.11074,1.44979
6.18981,-7.07304,1.53828,6.50287,-7.16159,1.40069
6.12482,-7.07001,1.54486,6.47832,-7.19471,1.37
6.05982,-7.06698,1.55144,6.43371,-7.24133,1.32713
5.99482,-7.06394,1.55801,6.40281,-7.2667,1.30474
5.92982,-7.06091,1.56459,6.34633,-7.29875,1.27519
5.86482,-7.05788,1.57117,6.31489,-7.31089,1.26356
5.79982,-7.05485,1.57775,6.24614,-7.32778,1.24597
5.73482,-7.05182,1.58432,6.18975,-7.33429,1.23812
5.66983,-7.04879,1.5909,6.11953,-7.33554,1.23418
5.60483,-7.04576,1.59748,6.05611,-7.33157,1.23562
5.53983,-7.04273,1.60406,5.99267,-7.32735,1.24063
5.47483,-7.03969,1.61063,5.92127,-7.32581,1.25007
5.40983,-7.03666,1.61721,5.8685,-7.32155,1.25867
5.34483,-7.03363,1.62379,5.79286,-7.3122,1.27321
5.27983,-7.0306,1.63037,5.72648,-7.30178,1.28796
5.21484,-7.02757,1.63694,5.65888,-7.28978,1.30471
5.14984,-7.02454,1.64352,5.57876,-7.27432,1.32601
5.08484,-7.02151,1.6501,5.50906,-7.26032,1.34526
5.01984,-7.01847,1.65668,5.43789,-7.24623,1.36481
4.95484,-7.01544,1.66325,5.35253,-7.23029,1.38811
4.88984,-7.01241,1.66983,5.29181,-7.21924,1.40482
4.82484,-7.00938,1.67641,5.20773,-7.20465,1.42811
4.75984,-7.00635,1.68299,5.1365,-7.19307,1.44823
4.69485,-7.00332,1.68956,5.06625,-7.18243,1.46875
4.62985,-7.00029,1.69614,4.99717,-7.1728,1.48908
4.56485,-6.99726,1.70272,4.91777,-7.1627,1.51194
4.49985,-6.99422,1.7093,4.84826,-7.15323,1.53052
4.43485,-6.99119,1.71588,4.76333,-7.13952,1.55077
4.36985,-6.98816,1.72245,4.69221,-7.129,1.56725
4.30485,-6.98513,1.72903,4.63414,-7.12104,1.58034
4.23986,-6.9821,1.73561,4.55474,-7.11106,1.59808
4.17486,-6.97907,1.74219,4.47712,-7.10233,1.61561
4.10986,-6.97604,1.74876,4.42289,-7.09693,1.62817
4.04486,-6.97301,1.75534,4.34856,-7.09048,1.64501
3.97986,-6.96997,1.76192,4.28346,-7.08443,1.65907
3.91486,-6.96694,1.7685,4.21509,-7.07664,1.67292
3.84986,-6.96391,1.77507,4.13702,-7.0687,1.68849
3.78487,-6.96088,1.78165,4.0711,-7.06268,1.7009
3.71987,-6.95785,1.78823,4.00615,-7.05732,1.71248
3.65487,-6.95482,1.79481,3.94208,-7.05248,1.72327
3.58987,-6.95179,1.80138,3.87883,-7.04819,1.73358
3.52487,-6.94876,1.80796,3.80606,-7.04374,1.74464
3.45987,-6.94572,1.81454,3.74325,-7.04031,1.75334
3.39487,-6.94269,1.82112,3.67902,-7.03714,1.76131
3.32988,-6.93966,1.82769,3.61543,-7.03409,1.7688
3.26488,-6.93663,1.83427,3.55223,-7.03107,1.7758
3.19988,-6.9336,1.84085,3.47888,-7.02746,1.78308
3.13488,-6.93057,1.84743,3.40577,-7.02363,1.78951
3.06988,-6.92754,1.854,3.34328,-7.02011,1.79437
3.00488,-6.9245,1.86058,3.28102,-7.01634,1.79871
2.93988,-6.92147,1.86716,3.21774,-7.01205,1.80304
2.87489,-6.91844,1.87374,3.15254,-7.00698,1.80731
2.80989,-6.91541,1.88031,3.07738,-7.00094,1.81208
2.74489,-6.91238,1.88689,3.03474,-6.99747,1.81512
2.67989,-6.90935,1.89347,2.94996,-6.99043,1.82061
2.61489,-6.90632,1.90005,2.88641,-6.98512,1.82587
2.54989,-6.90329,1.90662,2.8229,-6.97986,1.83245
2.48489,-6.90025,1.9132,2.74915,-6.97388,1.84179
2.4199,-6.89722,1.91978,2.68496,-6.96841,1.85003
2.3549,-6.89419,1.92636,2.61938,-6.96219,1.85829
2.2899,-6.89116,1.93293,2.54379,-6.95531,1.86754
2.2249,-6.88813,1.93951,2.49027,-6.95062,1.87368
2.1599,-6.8851,1.94609,2.41623,-6.94439,1.88149
2.0949,-6.88207,1.95267,2.35328,-6.93938,1.88822
2.0299,-6.87904,1.95924,2.29068,-6.93465,1.89515
1.96491,-6.876,1.96582,2.21811,-6.92952,1.90356
1.89991,-6.87297,1.9724,2.15448,-6.92494,1.91022
1.83491,-6.86994,1.97898,2.08843,-6.91978,1.91661
1.76991,-6.86691,1.98556,2.01207,-6.91414,1.92347
1.70491,-6.86388,1.99213,1.9579,-6.91031,1.92811
1.63991,-6.86085,1.99871,1.88283,-6.90525,1.93436
1.57491,-6.85782,2.00529,1.82963,-6.90181,1.9389
1.50992,-6.85479,2.01187,1.75562,-6.89722,1.94587
1.44492,-6.85175,2.01844,1.69265,-6.89343,1.95252
1.37992,-6.84872,2.02502,1.61807,-6.88923,1.96077
1.31492,-6.84569,2.0316,1.56289,-6.88643,1.96702
1.24992,-6.84266,2.03818,1.47534,-6.88201,1.97667
1.18492,-6.83963,2.04475,1.42094,-6.87922,1.98288
1.11992,-6.8366,2.05133,1.3454,-6.8753,1.99193
1.05493,-6.83357,2.05791,1.29187,-6.87244,1.99903
0.989927,-6.83053,2.06449,1.20674,-6.8677,2.011
0.924928,-6.8275,2.07106,1.15387,-6.86462,2.0186
0.859929,-6.82447,2.07764,1.07892,-6.86064,2.02957
0.794931,-6.82144,2.08422,1.02336,-6.85849,2.03773
0.729932,-6.81841,2.0908,0.935291,-6.85468,2.05062
0.664934,-6.81538,2.09737,0.880668,-6.85211,2.05844
0.599935,-6.81235,2.10395,0.804859,-6.84829,2.06898
0.534936,-6.80932,2.11053,0.751164,-6.84539,2.07658
0.469938,-6.80628,2.11711,0.665892,-6.84041,2.08853
0.404939,-6.80325,2.12368,0.623626,-6.83779,2.09444
0.339941,-6.80022,2.13026,0.539572,-6.83219,2.10622
0.274942,-6.79719,2.13684,0.487111,-6.8285,2.11394
0.209943,-6.79416,2.14342,0.403481,-6.82236,2.12759
0.144945,-6.79113,2.14999,0.351432,-6.81843,2.13628
0.0799462,-6.7881,2.15657,0.278796,-6.81291,2.14865
0.0149476,-6.78507,2.16315,0.227017,-6.80898,2.15705
-0.050051,-6.78203,2.16973,0.144299,-6.80281,2.17032
-0.11505,-6.779,2.1763,0.0926597,-6.79904,2.17771
-0.180048,-6.77597,2.18288,0.0199621,-6.79434,2.18803
-0.245047,-6.77294,2.18946,-0.0326996,-6.79176,2.1954
-0.310045,-6.76991,2.19604,-0.106563,-6.78812,2.20517
-0.375044,-6.76688,2.20261,-0.170004,-6.78496,2.21309
-0.440043,-6.76385,2.20919,-0.244332,-6.7812,2.22131
-0.505041,-6.76082,2.21577,-0.29754,-6.77844,2.22644
-0.57004,-6.75778,2.22235,-0.382836,-6.7739,2.23256
-0.635038,-6.75475,2.22892,-0.4362,-6.77096,2.23596
-0.700037,-6.75172,2.2355,-0.510427,-6.76705,2.24059
-0.765036,-6.74869,2.24208,-0.562892,-6.76479,2.24469
-0.830034,-6.74566,2.24866,-0.636122,-6.76134,2.25034
-0.895033,-6.74263,2.25523,-0.688164,-6.75872,2.2543
-0.960031,-6.7396,2.26181,-0.771415,-6.75423,2.26078
-1.02503,-6.73656,2.26839,-0.823532,-6.75126,2.26488
-1.09003,-6.73353,2.27497,-0.907122,-6.74626,2.27149
-1.15503,-6.7305,2.28155,-0.959593,-6.74298,2.27614
-1.22003,-6.72747,2.28812,-1.03397,-6.73865,2.2832
-1.28502,-6.72444,2.2947,-1.08773,-6.73583,2.2886
-1.35002,-6.72141,2.30128,-1.17342,-6.73112,2.29741
-1.41502,-6.71838,2.30786,-1.21608,-6.72869,2.30179
-1.48002,-6.71535,2.31443,-1.30103,-6.72373,2.31047
-1.54502,-6.71231,2.32101,-1.35399,-6.72059,2.3163
-1.61002,-6.70928,2.32759,-1.43863,-6.71549,2.32655
-1.67502,-6.70625,2.33417,-1.48083,-6.71291,2.33185
-1.74001,-6.70322,2.34074,-1.56522,-6.70815,2.34302
-1.80501,-6.70019,2.34732,-1.61811,-6.70593,2.35038
-1.87001,-6.69716,2.3539,-1.6921,-6.70262,2.36122
-1.93501,-6.69413,2.36048,-1.74468,-6.70017,2.36914
-2.00001,-6.6911,2.36705,-1.82884,-6.69605,2.38139
-2.06501,-6.68806,2.37363,-1.88137,-6.69336,2.38842
-2.13001,-6.68503,2.38021,-1.9653,-6.68888,2.39816
-2.195,-6.682,2.38679,-2.01769,-6.68596,2.40416
-2.26,-6.67897,2.39336,-2.09138,-6.68252,2.41211
-2.325,-6.67594,2.39994,-2.14471,-6.68127,2.41798
-2.39,-6.67291,2.40652,-2.21877,-6.67911,2.42589
-2.455,-6.66988,2.4131,-2.28163,-6.67696,2.43208
-2.52,-6.66685,2.41967,-2.34416,-6.67452,2.43786
-2.585,-6.66381,2.42625,-2.40631,-6.67177,2.44297
-2.64999,-6.66078,2.43283,-2.47862,-6.66814,2.44794
-2.71499,-6.65775,2.43941,-2.53015,-6.66528,2.45048
-2.77999,-6.65472,2.44598,-2.61283,-6.66147,2.45334
-2.84499,-6.65169,2.45256,-2.66496,-6.65998,2.45481
-2.90999,-6.64866,2.45914,-2.72733,-6.65777,2.45688
-2.97499,-6.64563,2.46572,-2.79968,-6.65468,2.46032
-3.03999,-6.64259,2.47229,-2.86177,-6.65163,2.46401
-3.10498,-6.63956,2.47887,-2.92361,-6.64823,2.46751
-3.16998,-6.63653,2.48545,-2.9853,-6.64451,2.47065
-3.23498,-6.6335,2.49203,-3.04694,-6.64048,2.47329
-3.29998,-6.63047,2.4986,-3.11912,-6.63587,2.47578
-3.36498,-6.62744,2.50518,-3.1827,-6.63361,2.47746
-3.42998,-6.62441,2.51176,-3.2459,-6.63101,2.47896
-3.46052,-6.57513,2.50932,-3.3192,-6.62757,2.48065
-3.48185,-6.5135,2.50447,-3.38169,-6.62435,2.4821
-3.50319,-6.45187,2.49962,-3.4433,-6.6205,2.48377
-3.52452,-6.39023,2.49476,-3.51314,-6.61443,2.48488
-3.54585,-6.3286,2.48991,-3.57056,-6.60734,2.48445
-3.56719,-6.26697,2.48506,-3.62586,-6.59858,2.48202
-3.58852,-6.20533,2.48021,-3.679,-6.5882,2.47737
-3.60986,-6.1437,2.47536,-3.72732,-6.57396,2.47032
-3.63119,-6.08207,2.47051,-3.77739,-6.55225,2.45931
-3.65252,-6.02044,2.46566,-3.81489,-6.52929,2.44756
-3.67386,-5.9588,2.46081,-3.84752,-6.50242,2.43422
-3.69519,-5.89717,2.45595,-3.87552,-6.47173,2.41981
-3.71652,-5.83554,2.4511,-3.8993,-6.43737,2.40489
-3.73786,-5.7739,2.44625,-3.92455,-6.39456,2.38703
-3.75919,-5.71227,2.4414,-3.9536,-6.36254,2.37212
-3.78053,-5.65064,2.43655,-3.97854,-6.32594,2.35756
-3.80186,-5.58901,2.4317,-4.00342,-6.27774,2.34148
-3.82319,-5.52737,2.42685,-4.02176,-6.23194,2.32832
-3.84453,-5.46574,2.422,-4.03773,-6.18217,2.31623
-3.86586,-5.40411,2.41714,-4.05159,-6.12849,2.30496
-3.88719,-5.34247,2.41229,-4.06367,-6.07106,2.2946
-3.90853,-5.28084,2.40744,-4.07655,-6.00096,2.28322
-3.92986,-5.21921,2.40259,-4.08907,-5.94406,2.27428
-3.9512,-5.15758,2.39774,-4.10077,-5.88321,2.26597
-3.97253,-5.09594,2.39289,-4.11402,-5.80778,2.25762
-3.99386,-5.03431,2.38804,-4.1254,-5.73968,2.25129
-4.0152,-4.97268,2.38319,-4.13708,-5.6692,2.24591
-4.03653,-4.91104,2.37833,-4.1492,-5.59678,2.24123
-4.05787,-4.84941,2.37348,-4.16183,-5.5227,2.23689
-4.0792,-4.78778,2.36863,-4.17703,-5.43536,2.23203
-4.10053,-4.72615,2.36378,-4.18935,-5.36183,2.22779
-4.12187,-4.66451,2.35893,-4.20471,-5.27569,2.22334
-4.1432,-4.60288,2.35408,-4.2187,-5.20204,2.2201
-4.16453,-4.54125,2.34923,-4.23344,-5.12909,2.21746
-4.18587,-4.47962,2.34438,-4.24877,-5.05725,2.21494
-4.2072,-4.41798,2.33952,-4.26473,-4.9865,2.21264
-4.22854,-4.35635,2.33467,-4.28127,-4.9169,2.21016
-4.24987,-4.29472,2.32982,-4.30117,-4.83577,2.20698
-4.2712,-4.23308,2.32497,-4.31829,-4.76162,2.20388
-4.29254,-4.17145,2.32012,-4.33586,-4.6887,2.20082
-4.31387,-4.10982,2.31527,-4.35679,-4.60508,2.19739
-4.33521,-4.04819,2.31042,-4.37501,-4.53452,2.19424
-4.35654,-3.98655,2.30557,-4.39336,-4.4654,2.19099
-4.37787,-3.92492,2.30071,-4.41176,-4.39782,2.18791
-4.39921,-3.86329,2.29586,-4.43328,-4.32072,2.18429
-4.42054,-3.80165,2.29101,-4.45182,-4.25536,2.18121
-4.44187,-3.74002,2.28616,-4.47067,-4.18781,2.17811
-4.46321,-3.67839,2.28131,-4.48947,-4.12164,2.17526
-4.48454,-3.61676,2.27646,-4.51131,-4.04568,2.17176
-4.50588,-3.55512,2.27161,-4.52995,-3.98148,2.16837
-4.52721,-3.49349,2.26676,-4.5485,-3.91805,2.16477
-4.54854,-3.43186,2.2619,-4.57006,-3.84488,2.16072
-4.56988,-3.37022,2.25705,-4.58848,-3.78267,2.15725
-4.59121,-3.30859,2.2522,-4.60671,-3.72056,2.15373
-4.61254,-3.24696,2.24735,-4.62441,-3.65649,2.15069
-4.63388,-3.18533,2.2425,-4.64503,-3.58237,2.14682
-4.65521,-3.12369,2.23765,-4.65979,-3.52982,2.144
-4.67655,-3.06206,2.2328,-4.68051,-3.45674,2.13996
-4.69788,-3.00043,2.22795,-4.69843,-3.39419,2.13655
-4.71921,-2.93879,2.2231,-4.71655,-3.33166,2.13315
-4.74055,-2.87716,2.21824,-4.73486,-3.26936,2.12991
-4.76188,-2.81553,2.21339,-4.75585,-3.19565,2.12595
-4.78322,-2.7539,2.20854,-4.77269,-3.13073,2.12231
-4.80455,-2.69226,2.20369,-4.79284,-3.0555,2.11763
-4.82588,-2.63063,2.19884,-4.81051,-2.99144,2.1135
-4.84722,-2.569,2.19399,-4.82852,-2.92796,2.10925
-4.86855,-2.50736,2.18914,-4.84685,-2.86519,2.10524
-4.88988,-2.44573,2.18429,-4.8655,-2.80304,2.10119
-4.91122,-2.3841,2.17943,-4.88444,-2.74154,2.09704
-4.93255,-2.32247,2.17458,-4.90671,-2.66989,2.09181
-4.95389,-2.26083,2.16973,-4.92492,-2.60643,2.0871
-4.97522,-2.1992,2.16488,-4.94356,-2.5434,2.08213
-4.99655,-2.13757,2.16003,-4.96582,-2.47029,2.07645
-5.01789,-2.07594,2.15518,-4.98525,-2.40782,2.07126
-5.03922,-2.0143,2.15033,-5.00488,-2.34583,2.0661
-5.06055,-1.95267,2.14548,-5.02464,-2.28436,2.06097
-5.08189,-1.89104,2.14062,-5.04456,-2.22329,2.05612
-5.10322,-1.8294,2.13577,-5.06779,-2.15199,2.05016
-5.12456,-1.76777,2.13092,-5.08688,-2.08843,2.04489
-5.14589,-1.70614,2.12607,-5.10618,-2.0254,2.0397
-5.16722,-1.64451,2.12122,-5.12564,-1.96281,2.03453
-5.18856,-1.58287,2.11637,-5.14856,-1.89014,2.02863
-5.20989,-1.52124,2.11152,-5.16835,-1.82823,2.02335
-5.23123,-1.45961,2.10667,-5.19159,-1.75658,2.017
-5.25256,-1.39797,2.10181,-5.21159,-1.69564,2.01205
-5.27389,-1.33634,2.09696,-5.23174,-1.63491,2.00716
-5.29523,-1.27471,2.09211,-5.25229,-1.57337,2.00235
-5.31656,-1.21308,2.08726,-5.27616,-1.5023,1.99667
-5.33789,-1.15144,2.08241,-5.29312,-1.45199,1.99244
-5.35923,-1.08981,2.07756,-5.31671,-1.38211,1.98674
-5.38056,-1.02818,2.07271,-5.33688,-1.32229,1.98216
-5.40216,-0.967161,2.06792,-5.35699,-1.26241,1.97808
-5.4613,-0.99479,2.07193,-5.38032,-1.19263,1.9739
-5.52044,-1.02242,2.07593,-5.40055,-1.1324,1.97032
-5.57958,-1.05005,2.07994,-5.42238,-1.07176,1.96791
-5.63873,-1.07768,2.08395,-5.44896,-1.00286,1.96681
-5.69787,-1.10531,2.08796,-5.46921,-0.955477,1.96652
-5.75701,-1.13294,2.09197,-5.50037,-0.893181,1.96641
-5.81615,-1.16057,2.09598,-5.53045,-0.844458,1.96618
-5.87529,-1.1882,2.09998,-5.56407,-0.800569,1.96572
-5.93444,-1.21583,2.10399,-5.60802,-0.755727,1.96492
-5.99358,-1.24346,2.108,-5.64846,-0.720686,1.96385
-6.05272,-1.27109,2.11201,-5.68648,-0.681142,1.96258
-6.11186,-1.29872,2.11602,-5.72869,-0.647607,1.96143
-6.17101,-1.32635,2.12003,-5.7829,-0.615541,1.9606
-6.23015,-1.35398,2.12403,-5.83335,-0.593785,1.96047
-6.28929,-1.38161,2.12804,-5.8872,-0.577129,1.96112
-6.34843,-1.40924,2.13205,-5.94417,-0.565358,1.96234
-6.40757,-1.43687,2.13606,-6.01409,-0.557553,1.96448
-6.46672,-1.4645,2.14007,-6.0743,-0.552347,1.96694
-6.52586,-1.49213,2.14408,-6.13238,-0.54565,1.96999
-6.585,-1.51976,2.14808,-6.20232,-0.544695,1.97441
-6.64414,-1.54739,2.15209,-6.25323,-0.548192,1.97823
-6.70329,-1.57502,2.1561,-6.32512,-0.558706,1.98408
-6.76243,-1.60265,2.16011,-6.38716,-0.572731,1.99009
-6.82157,-1.63027,2.16412,-6.44948,-0.591281,1.99683
-6.88071,-1.6579,2.16813,-6.51188,-0.614092,2.004
-6.93985,-1.68553,2.17213,-6.58525,-0.644759,2.01223
-6.999,-1.71316,2.17614,-6.64982,-0.670192,2.01899
-7.05814,-1.74079,2.18015,-6.72467,-0.705314,2.02659
-7.11728,-1.76842,2.18416,-6.78832,-0.739822,2.0333
-7.17642,-1.79605,2.18817,-6.85121,-0.777956,2.0403
-7.21351,-1.83982,2.18957,-6.91314,-0.819479,2.04744
-7.22179,-1.90466,2.18758,-6.97413,-0.86408,2.05455
-7.23007,-1.9695,2.18558,-7.0436,-0.919679,2.06303
-7.23835,-2.03435,2.18359,-7.1019,-0.969971,2.07006
-7.24663,-2.09919,2.18159,-7.16127,-1.02187,2.07621
-7.25491,-2.16404,2.1796,-7.21722,-1.07644,2.08105
-7.26319,-2.22888,2.1776,-7.2691,-1.13375,2.08446
-7.27147,-2.29372,2.1756,-7.30883,-1.1836,2.08637
-7.27975,-2.35857,2.17361,-7.36542,-1.26746,2.08714
-7.28802,-2.42341,2.17161,-7.40214,-1.33356,2.08627
-7.2963,-2.48826,2.16962,-7.43395,-1.40215,2.08424
-7.30458,-2.5531,2.16762,-7.46736,-1.48504,2.08102
-7.31286,-2.61794,2.16563,-7.50215,-1.55849,2.07738
-7.32114,-2.68279,2.16363,-7.53115,-1.63356,2.07363
-7.32942,-2.74763,2.16164,-7.55471,-1.71012,2.06983
-7.3377,-2.81248,2.15964,-7.57569,-1.80126,2.0653
-7.34598,-2.87732,2.15764,-7.58838,-1.88052,2.06129
-7.35425,-2.94216,2.15565,-7.59649,-1.96041,2.05739
-7.36253,-3.00701,2.15365,-7.60075,-2.05423,2.05297
-7.37081,-3.07185,2.15166,-7.6019,-2.13581,2.04946
-7.37909,-3.1367,2.14966,-7.60569,-2.22174,2.04627
-7.38737,-3.20154,2.14767,-7.60696,-2.32043,2.04318
-7.39565,-3.26638,2.14567,-7.60645,-2.38989,2.04115
-7.40393,-3.33123,2.14368,-7.60464,-2.485,2.03864
-7.41221,-3.39607,2.14168,-7.60267,-2.56479,2.03683
-7.42048,-3.46092,2.13969,-7.60071,-2.64282,2.03582
-7.42876,-3.52576,2.13769,-7.59873,-2.73149,2.03519
-7.43704,-3.59061,2.13569,-7.59704,-2.80826,2.03456
-7.44532,-3.65545,2.1337,-7.5938,-2.8939,2.03372
-7.4536,-3.72029,2.1317,-7.59126,-2.99039,2.03313
-7.46188,-3.78514,2.12971,-7.59018,-3.07059,2.03257
-7.47016,-3.84998,2.12771,-7.59015,-3.14821,2.0321
-7.47844,-3.91483,2.12572,-7.59116,-3.22353,2.03146
-7.48672,-3.97967,2.12372,-7.59364,-3.30858,2.03054
-7.49499,-4.04451,2.12173,-7.59686,-3.37914,2.02939
-7.50327,-4.10936,2.11973,-7.59977,-3.44941,2.0282
-7.51155,-4.1742,2.11773,-7.59783,-3.52634,2.02699
-7.51983,-4.23905,2.11574,-7.59729,-3.60105,2.02557
-7.52811,-4.30389,2.11374,-7.59822,-3.68578,2.02379
-7.53639,-4.36873,2.11175,-7.6002,-3.75683,2.02202
-7.54467,-4.43358,2.10975,-7.6033,-3.82651,2.02014
-7.55295,-4.49842,2.10776,-7.60758,-3.89497,2.0183
-7.56122,-4.56327,2.10576,-7.61305,-3.96228,2.01674
-7.5695,-4.62811,2.10377,-7.62009,-4.04061,2.01486
-7.57778,-4.69295,2.10177,-7.62364,-4.11216,2.01301
-7.58606,-4.7578,2.09978,-7.62833,-4.18247,2.01109
-7.59434,-4.82264,2.09778,-7.63399,-4.25181,2.00937
-7.60262,-4.88749,2.09578,-7.64154,-4.33185,2.00724
-7.6109,-4.95233,2.09379,-7.64866,-4.39973,2.0051
-7.61918,-5.01717,2.09179,-7.65757,-4.4779,2.00254
-7.62745,-5.08202,2.0898,-7.66431,-4.53321,2.001
-7.63573,-5.14686,2.0878,-7.67396,-4.61113,1.99907
-7.64401,-5.21171,2.08581,-7.68146,-4.68347,1.99783
-7.65229,-5.27655,2.08381,-7.68914,-4.75453,1.99698
-7.66057,-5.34139,2.08182,-7.6982,-4.83588,1.99649
-7.66885,-5.40624,2.07982,-7.706,-4.90479,1.99569
-7.67713,-5.47108,2.07782,-7.71373,-4.97275,1.99466
-7.68541,-5.53593,2.07583,-7.72136,-5.03975,1.99361
-7.69368,-5.60077,2.07383,-7.72893,-5.10597,1.9923
-7.70196,-5.66561,2.07184,-7.73734,-5.18335,1.99054
-7.71024,-5.73046,2.06984,-7.74292,-5.25435,1.98885
-7.71852,-5.7953,2.06785,-7.74862,-5.32415,1.98697
-7.7268,-5.86015,2.06585,-7.75543,-5.4043,1.98458
-7.73508,-5.92499,2.06386,-7.76147,-5.47214,1.98214
-7.74336,-5.98983,2.06186,-7.76767,-5.5389,1.97955
-7.75164,-6.05468,2.05987,-7.77519,-5.61556,1.97676
-7.75992,-6.11952,2.05787,-7.78078,-5.66961,1.97479
-7.76819,-6.18437,2.05587,-7.78867,-5.74527,1.97206
-7.77647,-6.24921,2.05388,-7.79467,-5.81514,1.96988
-7.78475,-6.31405,2.05188,-7.80206,-5.89524,1.96774
-7.79303,-6.3789,2.04989,-7.80755,-5.95159,1.96644
-7.80131,-6.44374,2.04789,-7.81547,-6.0294,1.96482
-7.80959,-6.50859,2.0459,-7.82248,-6.09531,1.96363
-7.81787,-6.57343,2.0439,-7.83083,-6.17113,1.96274
-7.82615,-6.63828,2.04191,-7.83814,-6.23514,1.96231
-7.83442,-6.70312,2.03991,-7.84539,-6.29905,1.96182
-7.8427,-6.76796,2.03791,-7.85189,-6.36511,1.96118
-7.85098,-6.83281,2.03592,-7.8597,-6.44113,1.96028
-7.85926,-6.89765,2.03392,-7.86655,-6.50551,1.9592
-7.86754,-6.9625,2.03193,-7.87353,-6.56922,1.95794
-7.87582,-7.02734,2.02993,-7.88062,-6.63251,1.95635
-7.8841,-7.09218,2.02794,-7.88907,-6.70608,1.95444
-7.89238,-7.15703,2.02594,-7.89518,-6.75843,1.95277
-7.90065,-7.22187,2.02395,-7.90353,-6.83274,1.95043
-7.90893,-7.28672,2.02195,-7.91022,-6.89911,1.94843
-7.91721,-7.35156,2.01996,-7.91705,-6.96517,1.94664
-7.92549,-7.4164,2.01796,-7.92402,-7.03083,1.94485
-7.93377,-7.48125,2.01596,-7.93229,-7.1073,1.94261
-7.94205,-7.54609,2.01397,-7.93948,-7.17262,1.94026
-7.95033,-7.61094,2.01197,-7.94796,-7.24831,1.93738
-7.95861,-7.67578,2.00998,-7.95536,-7.31278,1.93515
-7.96688,-7.74062,2.00798,-7.96288,-7.37684,1.933
-7.97516,-7.80547,2.00599,-7.97059,-7.44102,1.93081
-7.98344,-7.87031,2.00399,-7.97831,-7.50453,1.92832
-7.99172,-7.93516,2.002,-7.98729,-7.57796,1.92539
-8,-8,2,-7.99498,-7.64063,1.92272
-8,-8,2,-8.00263,-7.70312,1.91979
-8,-8,2,-8.01023,-7.76559,1.91674
-8,-8,2,-8.0188,-7.83772,1.91412
-8,-8,2,-8.02559,-7.89816,1.91228
-8,-8,2,-8.03143,-7.95748,1.91053
-8,-8,2,-8.0356,-8.0042,1.90877
-8,-8,2,-8.04008,-8.06447,1.90612
-8,-8,2,-8.04286,-8.11807,1.90247
-8,-8,2,-8.0439,-8.15845,1.89879
-8,-8,2,-8.04379,-8.19366,1.8945
-8,-8,2,-8.04249,-8.22849,1.88928
-8,-8,2,-8.04113,-8.25533,1.88469
-8,-8,2,-8.04163,-8.28743,1.88041
-8,-8,2,-8.04163,-8.3097,1.87698
-8,-8,2,-8.04115,-8.33735,1.87219
-8,-8,2,-8.04057,-8.35195,1.86897
-8,-8,2,-8.03981,-8.36149,1.86624
-8,-8,2,-8.03889,-8.36613,1.86382
-8,-8,2,-8.03761,-8.36572,1.86121
-8,-8,2,-8.03635,-8.36201,1.85961
-8,-8,2,-8.03495,-8.3602,1.85848
-8,-8,2,-8.03367,-8.35582,1.85814
-8,-8,2,-8.0318,-8.34611,1.85836
-8,-8,2,-8.03014,-8.33528,1.8594
-8,-8,2,-8.02817,-8.32066,1.8613
-8,-8,2,-8.02679,-8.30938,1.86317
-8,-8,2,-8.02494,-8.29293,1.86615
-8,-8,2,-8.02369,-8.28108,1.86859
-8,-8,2,-8.02371,-8.25932,1.87296
-8,-8,2,-8.02385,-8.24618,1.87597
-8,-8,2,-8.02404,-8.22679,1.88118
-8,-8,2,-8.02412,-8.21588,1.88475
-8,-8,2,-8.02408,-8.20232,1.89001
-8,-8,2,-8.02392,-8.19399,1.894
-8,-8,2,-8.02335,-8.18293,1.90033
-8,-8,2,-8.02293,-8.17834,1.90326
-8,-8,2,-8.0228,-8.1606,1.90911
-8,-8,2,-8.02258,-8.15033,1.91256
-8,-8,2,-8.02195,-8.13795,1.91742
-8,-8,2,-8.02121,-8.12915,1.92166
-8,-8,2,-8.02014,-8.12074,1.92674
-8,-8,2,-8.01926,-8.11591,1.93025
-8,-8,2,-8.01789,-8.11078,1.93465
-8,-8,2,-8.01667,-8.10782,1.93828
-8,-8,2,-8.01648,-8.10099,1.94239
-8,-8,2,-8.01625,-8.09719,1.94523
-8,-8,2,-8.01589,-8.09309,1.94922
-8,-8,2,-8.01554,-8.09038,1.95243
-8,-8,2,-8.01506,-8.08793,1.95582
-8,-8,2,-8.01467,-8.08655,1.95787
-8,-8,2,-8.014,-8.08504,1.96041
-8,-8,2,-8.01346,-8.08415,1.96197
-8,-8,2,-8.01297,-8.07807,1.96456
-8,-8,2,-8.01259,-8.0742,1.96609
-8,-8,2,-8.01184,-8.06855,1.96876
-8,-8,2,-8.01141,-8.06591,1.9699
-8,-8,2,-8.01048,-8.06107,1.97186
-8,-8,2,-8.00984,-8.05832,1.97271
-8,-8,2,-8.00874,-8.05468,1.97405
-8,-8,2,-8.00816,-8.05311,1.97439
-8,-8,2,-8.0063,-8.04783,1.97543
-8,-8,2,-8.00509,-8.04472,1.97565
-8,-8,2,-8.00349,-8.04089,1.97607
-8,-8,2,-8.00244,-8.03845,1.9762
-8,-8,2,-8.00091,-8.03497,1.97641
-8,-8,2,-8.00006,-8.03305,1.9765
-8,-8,2,-7.99905,-8.03065,1.97667
-8,-8,2,-7.99839,-8.02881,1.9765
-8,-8,2,-7.99737,-8.02415,1.976
-8,-8,2,-7.9968,-8.02115,1.9756
-8,-8,2,-7.99611,-8.01685,1.97454
-8,-8,2,-7.99586,-8.0149,1.97413
-8,-8,2,-7.99549,-8.01136,1.97299
-8,-8,2,-7.99533,-8.0094,1.97245
-8,-8,2,-7.99517,-8.00699,1.97179
-8,-8,2,-7.99507,-8.00519,1.97156
-8,-8,2,-7.99465,-8.00146,1.97144
-8,-8,2,-7.99438,-7.99909,1.97147
-8,-8,2,-7.99401,-7.99617,1.9714
-8,-8,2,-7.99368,-7.99395,1.97147
-8,-8,2,-7.9933,-7.9916,1.97155
-8,-8,2,-7.99302,-7.99006,1.97166
-8,-8,2,-7.99263,-7.9881,1.97174
-8,-8,2,-7.9924,-7.98684,1.97178
-8,-8,2,-7.99198,-7.98328,1.97165
-8,-8,2,-7.99174,-7.98117,1.97147
-8,-8,2,-7.99143,-7.97853,1.97133
-8,-8,2,-7.99121,-7.97685,1.97135
-8,-8,2,-7.99089,-7.97442,1.97177
-8,-8,2,-7.99073,-7.9731,1.97195
-8,-8,2,-7.99053,-7.97151,1.97258
-8,-8,2,-7.99036,-7.97031,1.97321
-8,-8,2,-7.98904,-7.96701,1.97404
-8,-8,2,-7.98788,-7.96412,1.97485
-8,-8,2,-7.98684,-7.96158,1.97566
-8,-8,2,-7.98592,-7.95939,1.97632
-8,-8,2,-7.98503,-7.95726,1.97714
-8,-8,2,-7.98444,-7.95579,1.97771
-8,-8,2,-7.98407,-7.95468,1.97812
-8,-8,2,-7.98391,-7.95392,1.97843
-8,-8,2,-7.98367,-7.95065,1.97909
-8,-8,2,-7.98362,-7.94803,1.97956
-8,-8,2,-7.98372,-7.94587,1.98009
-8,-8,2,-7.98392,-7.94416,1.9805
-8,-8,2,-7.98427,-7.94269,1.9808
-8,-8,2,-7.98466,-7.94188,1.98111
-8,-8,2,-7.98506,-7.94149,1.98167
-8,-8,2,-7.98554,-7.94148,1.98233
-8,-8,2,-7.98575,-7.93979,1.98296
-8,-8,2,-7.98597,-7.93854,1.98354
-8,-8,2,-7.98621,-7.93755,1.9839
-8,-8,2,-7.98637,-7.93704,1.98405
-8,-8,2,-7.98655,-7.93676,1.98422
-8,-8,2,-7.98673,-7.93672,1.98442
-8,-8,2,-7.98691,-7.93687,1.98449
-8,-8,2,-7.98713,-7.93721,1.98457
-8,-8,2,-7.9877,-7.93664,1.98491
-8,-8,2,-7.98825,-7.93626,1.98502
-8,-8,2,-7.98884,-7.93604,1.98525
-8,-8,2,-7.98924,-7.93599,1.98544
-8,-8,2,-7.98977,-7.93602,1.9855
-8,-8,2,-7.99018,-7.93615,1.98545
-8,-8,2,-7.99054,-7.93637,1.98546
-8,-8,2,-7.99086,-7.93677,1.98551
-8,-8,2,-7.99306,-7.9362,1.98575
-8,-8,2,-7.99496,-7.93578,1.98613
-8,-8,2,-7.9968,-7.93549,1.98648
-8,-8,2,-7.99807,-7.93538,1.98693
-8,-8,2,-7.99906,-7.93538,1.9872
-8,-8,2,-7.99972,-7.93544,1.98739
-8,-8,2,-8.00006,-7.93566,1.98745
-8,-8,2,-7.99999,-7.93598,1.98759
-8,-8,2,-7.99989,-7.9361,1.9877
-8,-8,2,-7.99956,-7.9363,1.98792
-8,-8,2,-7.99896,-7.93664,1.98827
-8,-8,2,-7.99832,-7.93694,1.98843
-8,-8,2,-7.99764,-7.93725,1.98849
-8,-8,2,-7.99696,-7.9376,1.98856
-8,-8,2,-7.99632,-7.93801,1.98847
-8,-8,2,-7.99573,-7.9384,1.98856
-8,-8,2,-7.99533,-7.93824,1.98866
-8,-8,2,-7.9951,-7.93808,1.98843
-8,-8,2,-7.99495,-7.93791,1.98811
-8,-8,2,-7.9949,-7.93782,1.98798
-8,-8,2,-7.9949,-7.93776,1.98807
-8,-8,2,-7.99492,-7.93773,1.98806
-8,-8,2,-7.99496,-7.93774,1.98831
-8,-8,2,-7.995,-7.93777,1.98848
-8,-8,2,-7.99467,-7.93775,1.98858
